Date,Discharge,Velocity,Temperature,Salinity,Prior,ALL
1,7918.6,0.11619662,26.27,637,4523.4,2523.4
2,6675.2,0.100303937,26.56,678,2523.4,785
3,5085.3,0.081769404,27.57,671,785,3617.5
4,12026.2,0.144365961,25.22,707,3617.5,5515
5,11483.5,0.151318813,25.39,768,5515,9646.5
6,16637.5,0.211665712,24.38,1000,9646.5,2583
7,17600,0.223406635,23.7,911,2583,9844
8,12930.5,0.183219786,21.76,726,9844,5733
9,15353.1,0.194755283,22.4,700,5733,2447
10,16558.6,0.213085639,23.2,666,2447,753
11,12760.9,0.17508572,22.04,623,753,1699.666667
12,9131.7,0.143294015,18.79,609,1699.666667,2622.6
13,5136.7,0.069620545,18.46,601,2622.6,663
14,10963.8,0.155438878,18.49,588,663,708.4
15,7984,0.117830733,17.76,601,708.4,679.5
16,6530.9,0.101448367,16.5,627,679.5,411.6
17,3511.5,0.05604583,14.73,668,411.6,335.25
18,6335.6,0.095626563,14.05,695,335.25,341.6666667
19,9098.7,0.126969799,13.73,684,341.6666667,729.2
20,11939.8,0.159494403,13.32,713,729.2,1998.5
21,9813.8,0.143379023,13.08,723,1998.5,1731.8
22,9679.1,0.133379218,12.11,775,1731.8,1397
23,11100,0.156028937,11.6,755,1397,2603.25
24,9585.5,0.135864946,11.24,713,2603.25,5260
25,9886.2,0.143108695,11.65,742,5260,4384.25
26,6959.1,0.104871107,11.29,714,4384.25,3126.666667
27,5129.3,0.093535408,10.34,696,3126.666667,49800
28,3830,0.061201447,10.63,697,49800,2081
29,3572.3,0.056642868,10.9,701,2081,3736.333333
30,3103.4,0.049388435,10.85,697,3736.333333,3910.666667
31,3490,0.055772986,11.76,744,3910.666667,2936.333333
32,2705.6,0.044327169,13.21,745,2936.333333,6848
33,2942.5,0.046542553,14.51,780,6848,5000
34,4185.5,0.067692661,15.29,809,5000,2980
35,3170,0.051007014,15.36,820,2980,17000
36,2622,0.041892325,15.37,806,17000,5300
37,2521.1,0.041508526,15.96,791,5300,4110
38,4697.8,0.070287327,16.58,813,4110,6200
39,3960.1,0.063727536,18.9,846,6200,7539
40,3656.5,0.058609116,21.3,922,7539,10927.66667
41,4348.6,0.066534752,20.21,977,10927.66667,6260.5
42,4783.7,0.071957637,18.37,1053,6260.5,1982
43,4379.3,0.070634654,20.1,1108,1982,5825
44,3392.8,0.053706541,21.32,1160,5825,5005
45,3725.2,0.057382942,21.88,1199,5005,548.6666667
46,3528.4,0.055912245,22.31,1230,548.6666667,320.6666667
47,3973.1,0.062488668,23.01,1234,320.6666667,452.6666667
48,4291.5,0.06881732,23.9,1244,452.6666667,595.75
49,4406,0.067595571,24.68,1211,595.75,995.75
50,4080,0.064244929,24.43,1190,995.75,1571.333333
51,3960,0.06060385,23.48,1137,1571.333333,2869.25
52,3688.4,0.058567104,25.46,1124,2869.25,1226
53,3819,0.061744658,24.49,1088,1226,289
54,4195.4,0.065733397,25.23,1072,289,500
55,4310,0.067549852,24.24,1029,500,585.25
56,4122.8,0.064586257,26.96,973,585.25,585.8
57,4299.5,0.066683284,25.37,968,585.8,1382.4
58,3907.3,0.062313423,26.74,930,1382.4,488.2
59,4169.8,0.066505894,26.35,889,488.2,402
60,3319.9,0.055139756,22.65,880,402,4286.5
61,3032.5,0.047794948,21.43,900,4286.5,74
62,3568.7,0.056244937,20.44,920,74,2723.166667
63,3585.2,0.058118965,19.36,924,2723.166667,597.3333333
64,3306.7,0.053658189,16.73,921,597.3333333,98.16666667
65,2860.5,0.045981286,17.15,919,98.16666667,78
66,3042.6,0.048486862,16.85,908,78,1152.5
67,3596,0.058239082,17.04,919,1152.5,621.8333333
68,3301.7,0.054140376,15.54,908,621.8333333,827.3571429
69,2242.5,0.036166653,16.15,941,827.3571429,1387.166667
70,4212.7,0.065126975,15.22,895,1387.166667,525.3571429
71,5648.4,0.086112479,14.06,831,525.3571429,202.5
72,11300,0.158663994,13.47,727,202.5,10204
73,11192.9,0.154532528,13.54,808,10204,3183.75
74,15318,0.198239818,12.11,815,3183.75,5557.333333
75,22500,0.266840744,10.81,653,5557.333333,2575.5
76,25126.6,0.286973926,10.36,545,2575.5,8359.333333
77,20230.5,0.246593754,9.36,451,8359.333333,11035.33333
78,30081.2,0.306552734,10.3,432,11035.33333,2241.5
79,30612.5,0.325801014,9.95,548,2241.5,1243
80,32685.2,0.331100253,10.12,450,1243,1134
81,31921.1,0.325068864,9.85,397,1134,1900
82,36326.6,0.335504863,10.42,461,1900,977.5
83,35971.9,0.350386843,12.91,492,977.5,978.5
84,41450.8,0.367482924,14.09,438,978.5,1085.5
85,45651.6,0.381069466,13.61,414,1085.5,647
86,49543,0.394345155,14.03,417,647,940
87,52512.5,0.404969814,15.77,367,940,941
88,55846.9,0.407743977,16.35,345,941,3813
89,16408.6,0.227125623,17.53,316,3813,5800
90,9183.5,0.134041016,18.22,394,5800,15000
91,4820.9,0.076123652,19.29,413,15000,9053
92,6604.8,0.099443748,17.36,480,9053,22000
93,9984.1,0.140676584,20.45,526,22000,26005
94,12136.7,0.162989628,20.54,768,26005,14000
95,12492.2,0.170664721,21.27,683,14000,13000
96,7669.7,0.11596172,22.75,673,13000,2675.5
97,7133.7,0.108534033,23.85,742,2675.5,2400
98,7553.1,0.111244414,22.79,750,2400,2409
99,4095.1,0.066815693,22.09,699,2409,1080
100,3069.4,0.04820957,23.09,665,1080,230
101,4303.1,0.065778725,22.97,686,230,830
102,5103,0.079415712,24.48,693,830,1439
103,5573.2,0.08657421,26.47,688,1439,940
104,3076.3,0.049383035,26.13,719,940,941
105,3408.8,0.053758883,24.53,701,941,3813
106,4350.7,0.068437757,24.8,769,3813,5800
107,4049.3,0.063839134,24.59,781,5800,15000
108,3614.6,0.057206795,22.46,830,15000,9053
109,6184.6,0.090283147,25.61,850,9053,22000
110,6822.5,0.098199063,25.97,828,22000,26005
111,7883.3,0.122536069,25.21,793,26005,14000
112,5715.7,0.086551901,25.75,741,14000,13000
113,6090,0.092849843,24.16,735,13000,2675.5
114,6090,0.092896734,22.64,729,2675.5,2400
115,6406.1,0.09583756,21.88,710,2400,1439.333333
116,7411.6,0.107420749,20.38,671,1439.333333,2239.333333
117,10562.6,0.147836717,17.78,628,2239.333333,3041.75
118,9089.6,0.132773929,17.04,626,3041.75,3738.5
119,8523.7,0.123794673,16.46,616,3738.5,1103.5
120,8770.9,0.133441012,17.26,602,1103.5,774
121,7353.4,0.100264203,15.93,602,774,773.5
122,9370,0.13566264,14.82,558,773.5,1557.2
123,9090,0.132128517,14.3,554,1557.2,1764.5
124,9864.9,0.139900992,14.1,536,1764.5,3819
125,9325.7,0.13709193,13.32,536,3819,4161.666667
126,5341,0.083122798,12.6,550,4161.666667,6096
127,6344.7,0.095946115,13.22,564,6096,4027.5
128,11613.3,0.157146141,12.31,554,4027.5,2426
129,16612.5,0.206547606,12.03,525,2426,4107.5
130,23141.4,0.266162276,10.97,566,4107.5,2344.5
131,30763.3,0.316915354,11.54,498,2344.5,1794.333333
132,33325,0.335509659,11.23,360,1794.333333,4687
133,37098.4,0.351149824,11.99,435,4687,2636
134,37300,0.353123507,11.95,375,2636,1426.333333
135,37990.6,0.354547503,11.7,374,1426.333333,3300
136,39139.8,0.361887404,12.33,379,3300,3693
137,40979.5,0.365975877,13.04,383,3693,1506
138,43829.5,0.376537277,13.96,368,1506,2130
139,45622.7,0.383655046,14.88,340,2130,1098.5
140,48587.5,0.392177326,15.02,316,1098.5,1350
141,52371.9,0.400190188,14.38,297,1350,2614
142,55437.5,0.406831269,16.83,283,2614,4570
143,56900,0.409607193,19.01,286,4570,5106.5
144,58258.6,0.41007758,18.95,286,5106.5,9930
145,56903.1,0.411996007,19.83,296,9930,6050.166667
146,54463.3,0.40788615,19.68,307,6050.166667,3736.666667
147,51037.5,0.40241131,20.24,303,3736.666667,5742
148,50218,0.396804333,20.29,273,5742,4087.666667
149,51697.7,0.401959155,21.15,234,4087.666667,9458.666667
150,55182,0.406486303,21.44,213,9458.666667,5549.666667
151,59655.5,0.408105275,22.07,222,5549.666667,1627.75
152,63046.9,0.407257659,23.73,231,1627.75,5103.333333
153,60007.8,0.418724909,24.23,243,5103.333333,15103.33333
154,9584.7,0.16965083,23.41,294,15103.33333,24307
155,6892.1,0.107568859,25.19,327,24307,4457
156,7090.9,0.105984138,25.49,358,4457,4278.6
157,7809.7,0.12090622,26.21,410,4278.6,2680.4
158,8062,0.119113825,25.3,582,2680.4,9611
159,6807,0.101216482,27.06,744,9611,7382
160,9850,0.132694818,26.55,612,7382,9049.75
161,8214.9,0.125612923,28.64,569,9049.75,1578.5
162,7109.8,0.105446664,27.81,571,1578.5,2113
163,7421.1,0.112376578,24.52,561,2113,1094.25
164,6909,0.104145712,22.91,539,1094.25,2864
165,6909,0.103986101,21.92,552,2864,12327.83333
166,8095.4,0.115430363,20.58,571,12327.83333,2543
167,7253,0.107808264,19.66,577,2543,3325
168,7047.3,0.108885439,18.53,579,3325,3821.5
169,7198.1,0.101191682,18.42,585,3821.5,1318
170,6519.2,0.097180095,18.35,597,1318,2210
171,5199,0.081165303,18.15,613,2210,773
172,6195.6,0.089346583,17.48,623,773,939
173,5547,0.086309017,14.79,609,939,1070
174,5443.5,0.084587578,14.51,605,1070,1241
175,13819,0.170949455,14.95,556,1241,1080
176,12497.3,0.174207214,12.94,538,1080,699
177,10369.3,0.146997522,12.78,547,699,384.3333333
178,7488.6,0.121217435,11.75,524,384.3333333,836
179,7330.2,0.109750552,11.65,496,836,1865
180,6656.2,0.103674572,11.44,503,1865,7546.5
181,5512.2,0.08685495,10.86,499,7546.5,6171.5
182,6476.3,0.102118265,10.31,463,6171.5,2513.333333
183,4025.5,0.070336014,10.11,441,2513.333333,3457.333333
184,3400,0.054427554,10.75,456,3457.333333,3810.5
185,3437.2,0.055405877,10.48,464,3810.5,1411
186,3680,0.05861876,10.87,518,1411,3012.5
187,3480.8,0.058673828,11.9,512,3012.5,559
188,4074.3,0.064721606,11.78,583,559,2709
189,4934.3,0.071935826,13.04,618,2709,2430.083333
190,4655.4,0.082190771,14.27,581,2430.083333,9397
191,7861,0.115713555,15.41,565,9397,4380
192,10081.3,0.143465451,16.72,594,4380,6940
193,13558.6,0.181885688,17.73,651,6940,2113.333333
194,9270.8,0.139891654,17.95,693,2113.333333,87.33333333
195,2895.1,0.052917532,18.63,558,87.33333333,1915
196,2713,0.041743751,18.86,593,1915,535.6666667
197,3325.5,0.057170295,22.46,621,535.6666667,284.3333333
198,5098,0.078223454,20.78,674,284.3333333,804.75
199,4079.7,0.07884773,22.94,719,804.75,1208
200,3843.2,0.059700586,21.12,718,1208,281.8333333
201,3684.5,0.060651073,25.23,741,281.8333333,1164
202,3441.6,0.053019605,25.05,767,1164,664
203,5023,0.077290435,23.68,726,664,118.9444444
204,3810,0.060139094,25.06,724,118.9444444,47
205,6503.4,0.090804174,24.36,672,47,347
206,4847.5,0.079331065,24.94,677,347,434.75
207,3141.4,0.050307248,23.38,688,434.75,629.7
208,5495.7,0.080675699,25.79,657,629.7,175.5
209,6679.1,0.101457635,25,581,175.5,932.3333333
210,5585.9,0.085100804,23.71,567,932.3333333,1179.5
211,4430,0.070772531,24.73,557,1179.5,166.6666667
212,4722.7,0.069929469,24.13,576,166.6666667,400.5
213,5284.8,0.083349344,23.77,556,400.5,355.5
214,3980,0.062908046,23.54,565,355.5,221.5
215,3148.5,0.054511439,24.74,592,221.5,198.1666667
216,3460,0.054838657,24.25,613,198.1666667,165
217,4027.8,0.061610227,23.4,603,165,47.5
218,3860,0.058934074,22.21,608,47.5,297.5
219,4656.8,0.073245975,20.38,605,297.5,243
220,3261.9,0.052561125,19.45,610,243,842.6666667
221,2827.1,0.045565601,16.87,615,842.6666667,542.6666667
222,5840.9,0.080679007,16.99,624,542.6666667,294.5
223,4336.6,0.064828592,16.34,643,294.5,431.4
224,3013.4,0.048542081,15.75,650,431.4,228.25
225,2200,0.035695684,15.11,669,228.25,155.6666667
226,2443,0.041006924,15.52,717,155.6666667,211.3
227,2521.7,0.040901202,14,724,211.3,5.25
228,3189.2,0.049963678,13.88,740,5.25,14
229,3630,0.05778999,13.06,759,14,28
230,3480,0.055699978,12.62,762,28,94.5
231,2623.4,0.042548136,11.16,768,94.5,577
232,2591.6,0.041943431,10.93,801,577,925
233,2735,0.043835598,11.14,812,925,1404.5
234,3767.7,0.058476667,10.98,795,1404.5,362.6666667
235,3170,0.05113788,11.46,756,362.6666667,2940.333333
236,3373.7,0.055652055,11.17,730,2940.333333,585.8333333
237,3468.7,0.054957753,11.55,672,585.8333333,1205.5
238,4888.4,0.071545485,12.59,666,1205.5,543.25
239,3406,0.057840378,13.87,669,543.25,703.4666667
240,2992.8,0.048650888,13.65,677,703.4666667,721.8333333
241,3583,0.055104194,14.72,679,721.8333333,472.6666667
242,4273.6,0.067026414,15.53,672,472.6666667,499.8333333
243,15977.3,0.189549451,15.74,627,499.8333333,290.2
244,21579.7,0.261010511,17.02,440,290.2,678.6666667
245,22010.9,0.264387436,17.94,425,678.6666667,744
246,24836.7,0.283839788,18.51,396,744,940
247,29164.8,0.309243907,17.76,372,940,1074
248,32301.6,0.326415245,18.42,355,1074,5782
249,32082.8,0.329577501,18.86,340,5782,7537
250,24810.2,0.293830876,19.37,394,7537,5275.25
251,17293,0.222601658,20.44,457,5275.25,8929.666667
252,17817.2,0.22415459,20.78,464,8929.666667,580.5
253,19195.3,0.233202112,22.41,387,580.5,6917
254,25518.7,0.285944136,23.51,363,6917,263
255,27557,0.298015388,23.63,334,263,9526.25
256,19978.9,0.244383585,25.94,414,9526.25,4981.5
257,18581.2,0.23142886,25.39,419,4981.5,5029.8
258,17146.1,0.220860072,25.18,461,5029.8,1779.2
259,11806.2,0.16641453,27.18,453,1779.2,1971.25
260,12944.1,0.16066163,28.82,479,1971.25,2121
261,7925.5,0.13122851,27.66,489,2121,3023.75
262,6758.8,0.101094108,26.42,497,3023.75,3318
263,7094.8,0.105583438,26.59,506,3318,4485
264,6960,0.104870975,26.32,522,4485,6351
265,12803.6,0.1610491,27.55,496,6351,2138.5
266,12203.9,0.170526568,25.55,499,2138.5,1662.5
267,11178.9,0.155669144,26.14,494,1662.5,1492.8
268,8933.7,0.131315254,25.93,489,1492.8,382.1
269,7360.8,0.109645622,24.46,481,382.1,1177.1
270,8631,0.124868497,22.12,472,1177.1,2285.1
271,9540.4,0.139564629,20.33,487,2285.1,1410.6
272,10390.5,0.14290339,18.8,487,1410.6,2330.333333
273,13378.9,0.179272202,19.31,456,2330.333333,2164.5
274,11116.8,0.161063664,18.62,432,2164.5,1943.75
275,7983.5,0.114937407,16.37,444,1943.75,587.5
276,8095.4,0.122620172,15.41,460,587.5,825.2
277,7133.1,0.105942297,15.24,472,825.2,1849
278,9811.4,0.139608331,14.79,434,1849,560.5
279,8745.3,0.128759379,15.02,393,560.5,1712.333333
280,8357.4,0.122323872,14.57,379,1712.333333,536.6666667
281,9613.4,0.139172813,14,418,536.6666667,1317
282,8574.7,0.125971249,12.02,455,1317,2908
283,10393.3,0.145028543,11.84,460,2908,1968.5
284,12720.3,0.173704152,11.17,431,1968.5,3782.666667
285,12221.1,0.170026942,11.58,446,3782.666667,3499.25
286,12364.8,0.172431342,12.16,415,3499.25,2899.25
287,9850.4,0.144020609,12.39,423,2899.25,2314.916667
288,5845,0.088175834,12.85,546,2314.916667,913.25
289,5887.2,0.092930524,12.19,523,913.25,1671.333333
290,6320.5,0.090902129,12.64,530,1671.333333,1615.75
291,5613.1,0.089399522,13.3,519,1615.75,388.3333333
292,2560.4,0.04300423,13.79,594,388.3333333,998.8333333
293,5031,0.06864161,15.41,621,998.8333333,3956
294,12083.6,0.162014628,15.64,522,3956,3760
295,10119.4,0.143183691,16.09,540,3760,4762
296,12641.4,0.172980388,15.73,474,4762,3086
297,5712.5,0.096710567,18.42,464,3086,3229
298,7177.6,0.101432466,20.01,472,3229,3310
299,7440.1,0.115502102,21.47,428,3310,2710
300,8020,0.118353447,21.16,507,2710,2126
301,7056.9,0.107717208,19.77,462,2126,1433.5
302,7046.9,0.104633306,20.48,462,1433.5,4150
303,8512.4,0.123877293,19.96,449,4150,3573
304,7787.6,0.11651708,19.32,452,3573,1947.333333
305,8512.4,0.122753693,20.57,468,1947.333333,4800
306,8038.3,0.120961848,23.02,446,4800,1556
307,6768.3,0.108970467,25.17,499,1556,3349
308,4317.2,0.067609279,24.22,542,3349,4690
309,4487,0.071435371,23.12,516,4690,2113
310,4602.2,0.072419992,24.11,517,2113,1613
311,4870.9,0.075645723,23.08,518,1613,994.5
312,4333.4,0.068283949,25.09,544,994.5,1435
313,4069.7,0.064345706,27.12,554,1435,6520
314,3912.2,0.061283326,23.75,582,6520,1205.5
315,4239.9,0.066878395,24.74,615,1205.5,156
316,3737.3,0.060032001,25.11,613,156,801.1666667
317,3940,0.061780641,26.16,704,801.1666667,3399.4
318,8378.4,0.104256026,26.76,632,3399.4,2081.166667
319,6877.6,0.098946719,27.31,586,2081.166667,5662.5
320,3796.7,0.065220802,26.16,572,5662.5,881
321,4368.9,0.067245647,25.12,588,881,2873
322,4160,0.065386929,23.08,658,2873,1636
323,4750,0.074397141,21.49,667,1636,4876
324,4174.2,0.067114858,20.71,644,4876,2676
325,5582.3,0.085595249,20.41,641,2676,395
326,7600.8,0.112499,20.26,624,395,601
327,7317.6,0.110710337,18.3,587,601,901
328,6753.1,0.10219553,18.22,569,901,1340
329,5623.2,0.088588309,17.1,554,1340,1061.3
330,5430,0.084064018,16.38,551,1061.3,674.8
331,5120,0.079746951,15.4,587,674.8,547.25
332,5602.3,0.086194095,13.33,589,547.25,677.6666667
333,5780,0.089326005,12.56,548,677.6666667,1422.666667
334,5780,0.088979823,12.44,537,1422.666667,1606.25
335,5373,0.083380373,11.78,533,1606.25,588.5
336,5507,0.085855594,11.73,529,588.5,1113.4
337,5534.5,0.084834843,11.73,530,1113.4,877.8
338,5780,0.088686254,11.48,522,877.8,872.2
339,6372.2,0.095369036,11.52,481,872.2,1236.166667
340,7264.8,0.109543917,11.88,451,1236.166667,1182.5
341,7471.8,0.109023762,11.43,484,1182.5,1268.733333
342,15575.8,0.192450212,12.23,438,1268.733333,2363.083333
343,16241.4,0.211074504,12.05,362,2363.083333,2337.066667
344,12484.4,0.177615189,12.23,345,2337.066667,9294.5
345,15078.9,0.197781006,12.7,396,9294.5,3017.9
346,20017.2,0.237561926,13.6,385,3017.9,8785.6
347,22750,0.26542349,14.12,386,8785.6,9580.5
348,26592.2,0.29441207,16.12,391,9580.5,9204.333333
349,26532.8,0.298295951,17.72,365,9204.333333,3017.666667
350,22271.9,0.26264295,18.08,390,3017.666667,6378.666667
351,25537.5,0.283394256,18.81,370,6378.666667,5153
352,34021.9,0.332979769,17.95,270,5153,2089.166667
353,35739.1,0.346388369,18.82,316,2089.166667,1902
354,32975.8,0.337009697,19.8,311,1902,4269.5
355,25071.1,0.289623313,21.63,304,4269.5,6611.333333
356,23000,0.270538333,22.93,282,6611.333333,1895.75
357,24321.9,0.276162031,25.38,245,1895.75,2279
358,27467.2,0.299327833,26.76,289,2279,8387
359,33643.7,0.331229927,25.64,249,8387,11286
360,34478.0375,0.343984375,26.05,326,11286,5191
361,29408.25833,0.317700798,26.43,321,5191,2987.75
362,24338.47917,0.284812475,25.39,380,2987.75,1987.75
363,19268.7,0.242916997,24.85,565,1987.75,1411.666667
364,10201.6,0.150151208,26.52,727,1411.666667,3354.52381
365,8118,0.121181012,27.71,538,3354.52381,1411.809524
366,5335.9,0.08143501,28.06,532,1411.809524,1593.5
367,6453.7,0.09880461,26.37,451,1593.5,1830.666667
368,6753.6,0.100689971,26.73,442,1830.666667,1027
369,11093.7,0.145446172,26.32,430,1027,1846
370,13721.1,0.18660446,25.36,429,1846,3473
371,15363.3,0.20261288,25.08,459,3473,2699.5
372,10352,0.151651197,24.63,457,2699.5,1663.1
373,8713.1,0.129544932,23.69,435,1663.1,924.75
374,9250.2,0.126441844,21.87,430,924.75,754.6666667
375,16889.1,0.208176551,19.58,396,754.6666667,417
376,18100,0.227820394,19.65,412,417,922
377,19778.1,0.242027954,19.78,386,922,2331.5
378,17741.4,0.225637649,18.95,360,2331.5,1197.333333
379,12704.7,0.183742124,16.95,389,1197.333333,797.3333333
380,5564.5,0.084803478,16.35,424,797.3333333,485.8333333
381,7284.8,0.106639255,16.45,531,485.8333333,794
382,10572.3,0.153692653,16.55,463,794,1565
383,4720.1,0.07317848,14.65,487,1565,1377
384,3749.2,0.060037481,13.68,458,1377,892.3333333
385,2707.4,0.046327823,13.31,517,892.3333333,558.6666666
386,2825.4,0.045305241,13.36,547,558.6666666,785
387,2930,0.047261655,12.37,542,785,1297.25
388,2576.9,0.042778981,12.9,595,1297.25,893
389,5225.2,0.080126925,11.84,613,893,580.25
390,5523,0.085212704,11.86,617,580.25,626.3333333
391,6408.2,0.098323031,11.66,595,626.3333333,741
392,6500,0.099209563,12.25,567,741,1349.75
393,4926.3,0.07923495,12.36,559,1349.75,921.6666667
394,5879.1,0.088125415,12.41,592,921.6666667,765.4833333
395,5972.3,0.092680552,13.41,540,765.4833333,1524.6
396,5804.5,0.091238743,13.18,516,1524.6,3390
397,6423.1,0.096333981,12.98,515,3390,1697.2
398,6665.4,0.100655512,13.86,507,1697.2,2353.4
399,6608.3,0.101493077,14.94,492,2353.4,2984.5
400,6543.1,0.10018891,16.6,498,2984.5,2584.5
401,6784.1,0.098810117,17.37,508,2584.5,2213.875
402,6763.1,0.10262151,17.63,518,2213.875,1548
403,7310,0.108722273,17.23,505,1548,1035.5
404,7310,0.109176861,17.35,532,1035.5,1392.333334
405,7847.7,0.11512089,17.78,517,1392.333334,1186.833333
406,8020.9,0.117494139,18.3,494,1186.833333,4642
407,5060.2,0.086169059,20,511,4642,1138.5
408,6360.9,0.093495633,19,529,1138.5,7172.5
409,4798.4,0.082544123,20.01,566,7172.5,1544.5
410,3840,0.059671229,21.35,569,1544.5,1044.5
411,4558.3,0.06955402,21.75,582,1044.5,844.5
412,4409.1,0.068923723,21.04,624,844.5,644.5
413,4963.7,0.078298756,22.45,600,644.5,521
414,3963.1,0.062624012,22.66,613,521,721
415,4170,0.065990301,22.33,600,721,821
416,3980,0.062815211,23.5,616,821,921
417,3703.4,0.059458254,22.37,612,921,1058.5
418,4050.5,0.062233758,24.26,621,1058.5,623.3333333
419,4220,0.066504796,25.05,605,623.3333333,559
420,3930.3,0.06184847,23.1,607,559,646.3333334
421,4366.9,0.067542188,23.32,623,646.3333334,1175
422,4024.4,0.063485073,24.23,624,1175,1430.75
423,4052.7,0.064457013,25.06,631,1430.75,330.3333333
424,3390,0.055832525,24.27,630,330.3333333,430.3333333
425,3189.5,0.050524431,23.04,632,430.3333333,496
426,2962.7,0.048979125,23.14,645,496,543
427,3391.2,0.054382559,22.18,652,543,443
428,3850,0.061294779,21.02,653,443,343
429,2290.2,0.038216095,21.47,653,343,331
430,3215,0.048715682,20.68,684,331,157.7
431,2941.7,0.048529702,20.45,675,157.7,127.7
432,2539.9,0.041523576,18.35,674,127.7,107.7
433,1400.2,0.022899705,17.96,690,107.7,87.7
434,1746.3,0.028123302,17.8,700,87.7,67.7
435,2490.4,0.04003621,15.6,705,67.7,29.5
436,2457,0.040741374,15.03,716,29.5,140.5
437,2510,0.040802238,13.23,713,140.5,1297.5
438,2527.6,0.040873121,13.06,736,1297.5,76.66666667
439,2503.7,0.040251239,13.36,720,76.66666667,295
440,2510,0.040679596,12.6,715,295,595
441,2426.3,0.040171202,11.01,704,595,995
442,2527.6,0.04076859,11.24,709,995,1495
443,2690,0.043611761,10.88,693,1495,1789.466667
444,2737.7,0.044291679,11.58,708,1789.466667,1989.466667
445,2679.5,0.043125086,12.01,717,1989.466667,2099.466667
446,3864.7,0.059848126,12.15,698,2099.466667,2199.466667
447,2948.6,0.049978521,12.91,663,2199.466667,2329.466667
448,2890,0.046385217,13.07,658,2329.466667,2166.833333
449,2849,0.04621317,13.16,655,2166.833333,1642.833333
450,2670.5,0.043301766,14.36,675,1642.833333,1242.833333
451,2844.9,0.045435325,15.11,659,1242.833333,742.8333333
452,3021.6,0.048076504,15.33,632,742.8333333,305
453,3511.7,0.054788465,16.85,598,305,505
454,2900.9,0.046079302,16.83,592,505,405
455,3040.9,0.048739447,15.58,601,405,455
456,3363.2,0.055146901,17.55,599,455,495
457,3285.3,0.053046549,19.1,602,495,468
458,3312.7,0.052825089,19.73,592,468,508
459,3060,0.048613879,21.43,569,508,258
460,3060,0.048779619,22.43,589,258,148
461,3200,0.051203742,23.52,577,148,58.16666667
462,3559.1,0.057563326,23.55,532,58.16666667,28.16666667
463,3652.5,0.059458518,23.49,485,28.16666667,78.16666667
464,4275.2,0.063654947,21.51,504,78.16666667,148.1666667
465,4175.8,0.066470887,25.65,433,148.1666667,173.6666667
466,3607.7,0.056412743,24.46,417,173.6666667,346.6666667
467,3347,0.052609859,24.44,394,346.6666667,446.6666667
468,4499,0.067273709,25.59,380,446.6666667,466.6666667
469,2854.2,0.048080603,24.83,365,466.6666667,566.6666667
470,3043.4,0.048279767,26.15,352,566.6666667,560.6
471,3155,0.049454863,26.2,350,560.6,339
472,3380.9,0.052895074,25.88,362,339,1334.5
473,3163.4,0.050598739,25.02,344,1334.5,354
474,3528.9,0.055525255,23.07,347,354,1171
475,6348.3,0.091444307,24,335,1171,1156.761905
476,4313,0.071544114,22.07,360,1156.761905,1098
477,3031.3,0.051743537,22.44,374,1098,262
478,3313.6,0.053211285,22.64,388,262,719.5
479,3500.9,0.055081976,20.27,415,719.5,775.75
480,3780,0.060004738,21.07,396,775.75,265
481,2733.4,0.044956152,19.91,388,265,665
482,3270,0.052343644,18.96,396,665,965
483,3270,0.052288749,18.96,374,965,1451.142857
484,3040,0.048905182,19.16,358,1451.142857,1151.142857
485,1707.6,0.028859054,17.24,387,1151.142857,851.1428571
486,2056.9,0.032715669,16.82,413,851.1428571,551.1428571
487,2385.5,0.038528964,15.99,442,551.1428571,549.6666667
488,2730.5,0.044696575,15.04,470,549.6666667,449.6666667
489,2591.1,0.043014816,14.42,472,449.6666667,349.6666667
490,1211.7,0.019743774,13.16,467,349.6666667,349.6666667
491,1371.7,0.022610211,12.46,494,349.6666667,350
492,1856.8,0.029202082,11.9,511,350,450
493,3055.5,0.046982697,11.93,510,450,350
494,2870,0.046727008,11.87,542,350,450
495,2840.7,0.046199888,11.72,535,450,550
496,2588.4,0.042317139,11.34,543,550,559
497,2588.4,0.042538243,10.99,575,559,859
498,2580,0.042091744,10.83,597,859,1059
499,2700,0.044569932,11.36,622,1059,1179
500,6000.5,0.088932663,11.65,594,1179,1521
501,4761.1,0.072845124,12.11,562,1521,1871
502,4992.2,0.077198368,12.44,511,1871,2171
503,7122.1,0.105113685,14.27,524,2171,2371
504,11837.5,0.161963105,14.25,545,2371,2675.233333
505,13203.9,0.180302065,16.64,349,2675.233333,2475.233333
506,9291.3,0.14448617,16.06,273,2475.233333,2175.233333
507,6798.7,0.103754601,16.62,242,2175.233333,1975.233333
508,7235.9,0.106569216,17.7,296,1975.233333,2375.233333
509,4370.6,0.072884447,19.37,352,2375.233333,2309
510,4156.3,0.065949113,19.59,374,2309,1909
511,4165.1,0.065363076,20,384,1909,1709
512,4170,0.0654242,22.34,404,1709,1309
513,3985.9,0.062694225,23.88,405,1309,333
514,4009.1,0.06261744,22.87,393,333,353
515,3770,0.059640627,24.68,391,353,553
516,3973.2,0.061950841,23.76,394,553,353
517,4793.2,0.076431767,25.38,394,353,266.5
518,4937.3,0.075232494,25,400,266.5,366.5
519,5161.8,0.081035705,24.94,383,366.5,516.5
520,3917.8,0.064004849,25.15,380,516.5,506.5
521,4143.4,0.064608924,25.41,369,506.5,736.5
522,4096.6,0.06472732,24.07,397,736.5,573.8666667
523,4291.5,0.067212913,24.85,385,573.8666667,873.8666667
524,4491.6,0.069568762,23.35,369,873.8666667,413.8666667
525,3916.6,0.061955473,25.37,356,413.8666667,517
526,3744.6,0.059040552,28.65,358,517,307.25
527,3525.4,0.055539469,26.11,350,307.25,1175.533333
528,3973.2,0.062110964,25.2,367,1175.533333,2092.833333
529,3786.3,0.060537867,24.29,362,2092.833333,134.35
530,3792,0.059646079,23.7,367,134.35,769.2
531,4720.1,0.070075536,22.73,353,769.2,538.2
532,4370,0.069149677,22.46,354,538.2,178.3333333
533,3830,0.060585751,21.76,351,178.3333333,378.3333333
534,3830,0.060860145,21.7,361,378.3333333,478.3333333
535,3507.3,0.056763071,21.2,366,478.3333333,547
536,3030,0.04876746,18.19,368,547,647
537,2325.8,0.037541965,16.47,372,647,767
538,2330,0.037790149,15.65,457,767,867
539,2374.1,0.038444194,14.56,475,867,794.25
540,2600,0.042259809,14.68,471,794.25,1114.25
541,3134.5,0.050874544,13.88,473,1114.25,1214.25
542,4131.2,0.066823793,13.57,527,1214.25,1314.25
543,3839.8,0.062444937,13.57,483,1314.25,1344.25
544,3830,0.061173773,12.93,453,1344.25,1410
545,2460,0.04007861,12.34,469,1410,1810
546,2536.8,0.040803412,12.12,533,1810,1980
547,3214.5,0.050761175,12.11,513,1980,2280.5
548,3690.9,0.058410082,11.23,562,2280.5,2480.5
549,3728,0.059037118,11.54,526,2480.5,2200.5
550,3576.2,0.058571078,11.92,481,2200.5,2003
551,3970,0.063042643,12.32,468,2003,901.5
552,3507.7,0.056549517,12.38,472,901.5,432.5
553,2367.7,0.038353661,13.62,511,432.5,2197
554,2904.3,0.045285794,14.03,536,2197,1304.5
555,3739.1,0.061093099,14.24,510,1304.5,1109.5
556,3912.7,0.062160169,14.32,450,1109.5,421.5
557,3252,0.053377204,16.93,443,421.5,1014
558,3419.8,0.054319512,17.83,426,1014,1883
559,3577.3,0.056589187,20.23,450,1883,883
560,3824.1,0.059490192,20.5,446,883,100
561,3646.2,0.05721861,20.63,424,100,333
562,3453.1,0.055608726,21.01,412,333,310.6666667
563,3142.8,0.051132274,20.44,384,310.6666667,2920.5
564,4668,0.071756565,20.13,370,2920.5,865
565,4818.7,0.075382403,21.3,375,865,427.25
566,4090.2,0.06352906,21.65,384,427.25,155
567,3569,0.058363042,21.94,353,155,424
568,5238.1,0.082035338,22.24,356,424,318
569,6901.6,0.105906757,22.53,321,318,453.3333333
570,4378.4,0.073352135,22.82,320,453.3333333,397.6666666
571,3837.5,0.059557911,23.12,335,397.6666666,236.25
572,3820,0.060257473,23.41,345,236.25,810
573,4562.7,0.070408852,24.96,337,810,1120
574,4199.3,0.065743222,25.19,325,1120,291.3333333
575,4170,0.065280455,26.11,345,291.3333333,308
576,5813.4,0.083446756,26.3,342,308,584.8666667
577,4873.9,0.078054789,24.42,333,584.8666667,1235.666667
578,4440.4,0.070961613,25.06,331,1235.666667,808.4285714
579,4390,0.068777463,25.53,328,808.4285714,326.8333333
580,4390,0.068703753,25.49,339,326.8333333,279.25
581,3550,0.056337346,23.59,335,279.25,269.6666666
582,3540.9,0.055929526,23.94,334,269.6666666,344.5833333
583,2409.6,0.04064383,22.43,340,344.5833333,2165.5
584,3550,0.056613286,21.57,344,2165.5,10272.12121
585,3070.8,0.050323684,22.39,367,10272.12121,5917.25
586,2459.5,0.039523607,22.32,352,5917.25,2788
587,2815.8,0.044431393,20.1,330,2788,3808.666667
588,2633,0.041973198,20.22,349,3808.666667,761
589,2126.2,0.037025634,18.96,370,761,1796.4
590,1162.2,0.021223766,17.57,381,1796.4,1301
591,1765.9,0.027399463,16.64,397,1301,326.3333333
592,1692.1,0.027493405,16.05,432,326.3333333,119.3333333
593,1723.7,0.028201702,14.83,429,119.3333333,87.66666667
594,2234.6,0.036465917,13.83,447,87.66666667,982
595,3792.5,0.062622122,13.82,445,982,239.3333333
596,3642.7,0.060546342,12.4,436,239.3333333,283.5
597,3782.7,0.060423398,12.31,434,283.5,1112.5
598,3854.8,0.059665914,12.06,434,1112.5,3609
599,4460,0.070846903,11.3,445,3609,322.3333333
600,4661.2,0.074271166,11.33,477,322.3333333,520
601,3980,0.06331732,12.27,485,520,1131
602,3980,0.063152512,13.14,491,1131,319
603,3980,0.063627606,13.02,494,319,1016
604,4009.3,0.063533445,12.4,490,1016,449.75
605,4311.2,0.067747946,13.7,453,449.75,739
606,4071.4,0.06599572,14.82,431,739,571.25
607,4655.2,0.070710153,14.9,422,571.25,2448.5
608,7060,0.106112799,15.66,413,2448.5,584.8
609,7644.9,0.113427232,16.1,380,584.8,187.6666667
610,8944.5,0.125911662,17.12,342,187.6666667,349
611,7747.4,0.118240604,18.47,291,349,435.1666667
612,11005.1,0.148172038,17.66,291,435.1666667,400.25
613,10800,0.153464781,19.59,277,400.25,732
614,9222,0.139962428,20.09,251,732,2850
615,7383.1,0.10849956,21.94,271,2850,700
616,10396,0.141379439,22.16,277,700,14647
617,13259.4,0.181014179,22.46,291,14647,1564.5
618,10333.2,0.15372051,23.16,242,1564.5,4114.333333
619,7590,0.11269921,22.92,239,4114.333333,865
620,9319,0.135851437,23.58,260,865,1130.333333
621,8932.3,0.13784992,24.19,249,1130.333333,4218.5
622,6029.8,0.097506745,24.45,242,4218.5,2867
623,4812.7,0.070349365,23.97,274,2867,528
624,4906.9,0.075621714,25.69,267,528,1099
625,4106.6,0.068376057,27.51,296,1099,1533.6
626,3664.8,0.058007558,25.12,291,1533.6,7072.166667
627,3527.3,0.055355003,26.25,324,7072.166667,2183
628,4683,0.068265783,26.79,323,2183,989.4
629,4590,0.071349393,24.73,329,989.4,3642.2
630,4852.3,0.072227961,24.24,338,3642.2,3608.833333
631,4444.8,0.06979041,24.38,334,3608.833333,2474
632,5291,0.077960495,24.03,333,2474,1576.666667
633,4451.2,0.071767471,24.42,324,1576.666667,6216.2
634,4095.4,0.062948628,24.38,326,6216.2,3332
635,4640.5,0.073210701,22.68,325,3332,5360.5
636,3427.1,0.057634066,23.16,337,5360.5,1664.333333
637,3785.2,0.061222359,20.42,344,1664.333333,6813.6
638,3876.8,0.061684769,18.62,344,6813.6,4755.4
639,3570,0.057205219,17.88,360,4755.4,452.6666667
640,3570,0.057099754,16.86,356,452.6666667,2135.2
641,4527,0.069752711,16.5,356,2135.2,650.1666667
642,4209.5,0.06821448,15.85,336,650.1666667,1054.833333
643,3141.2,0.051181667,15.86,360,1054.833333,1271.333333
644,3020.6,0.049274129,14.53,380,1271.333333,1047
645,3906.5,0.060042783,13.35,406,1047,404.8333333
646,2591.4,0.042277657,12.96,459,404.8333333,613.8333333
647,3097.9,0.049227746,11.5,469,613.8333333,347.1428571
648,3130,0.050363172,10.87,453,347.1428571,315
649,2920.2,0.046505534,11.01,427,315,517
650,2920.2,0.046547672,11,428,517,287.25
651,3080.5,0.050328899,11,405,287.25,986.75
652,4353.5,0.066511126,11.03,390,986.75,872
653,4260,0.067347603,11.37,384,872,615.1666667
654,3312.5,0.054544205,11.84,371,615.1666667,2345.75
655,4510.6,0.067451277,12.78,380,2345.75,1326.2
656,3343.4,0.057001343,13.2,446,1326.2,1385.966667
657,3766.1,0.058488779,13.45,431,1385.966667,1113.333333
658,3790,0.060143006,14,423,1113.333333,1249
659,2985.7,0.051630588,14.55,415,1249,567.45
660,2970,0.047801666,15.11,407,567.45,694.6666667
661,3130,0.050387199,17.01,389,694.6666667,1015
662,2650.2,0.041750683,17.08,391,1015,751.5
663,2540,0.04083144,18.46,438,751.5,740.3333333
664,2858.7,0.044588251,18.54,396,740.3333333,853.3333333
665,2950.2,0.046621308,17.78,481,853.3333333,777
666,2904.6,0.048289124,19.2,403,777,794.5
667,2599.5,0.043309215,19.92,392,794.5,133.8333333
668,3302,0.053004695,20.08,370,133.8333333,171.1666667
669,4508.9,0.066813839,20.32,357,171.1666667,512.75
670,2851.7,0.049417881,21.7,337,512.75,250.6
671,1598.5,0.025366429,25.4,354,250.6,1354.3
672,3069.5,0.045349546,24.04,355,1354.3,307
673,3442.4,0.053730255,24.69,353,307,276.5
674,2811.8,0.044130328,24.86,357,276.5,225
675,3397,0.054830605,23.5,342,225,1169.4
676,3109.2,0.049660798,25.21,336,1169.4,1571.047619
677,3182.3,0.049878676,26.67,332,1571.047619,859.1428571
678,2729.5,0.044137664,26.25,329,859.1428571,4435.542857
679,5382.5,0.077351146,25.84,325,4435.542857,4374.750001
680,4654.3,0.075544616,25.42,323,4374.750001,16137.41667
681,3948.8,0.065435614,24.19,321,16137.41667,4946.5
682,3956.3,0.061064651,26.16,305,4946.5,3533.5
683,4122.7,0.065135214,27.19,314,3533.5,2283
684,4357.5,0.067475902,26.45,304,2283,1022.833333
685,1930,0.031007883,24.43,293,1022.833333,1609.833333
686,1026.3,0.018224244,23.31,306,1609.833333,1225.733333
687,1076.4,0.016285987,22.46,325,1225.733333,2210.416667
688,1366.3,0.023300072,22.46,335,2210.416667,2242.535714
689,912.4,0.014549511,22.34,334,2242.535714,1214.166667
690,428,0.006597575,20.17,338,1214.166667,302.7619047
691,104.5,0.00136943,19.57,399,302.7619047,3846.190476
692,149.6,0.002144639,18.95,404,3846.190476,896
693,805.4,0.013119445,18.09,397,896,2764.785714
694,974.6,0.015181826,18.84,410,2764.785714,1114.666667
695,1367.4,0.022077006,18.27,433,1114.666667,683
696,2246.2,0.037609801,16.58,429,683,13102.52381
697,2193.8,0.035407248,15.36,430,13102.52381,883.2333333
698,1373.2,0.023640107,14.2,430,883.2333333,824.8
699,1013.7,0.016567175,13.05,454,824.8,625.5
700,694,0.01136133,11.37,490,625.5,429.75
701,356.9,0.005894688,10.16,516,429.75,455.75
702,306.9,0.005787119,11.27,528,455.75,552
703,887.1,0.013566611,11.59,522,552,574.8
704,967.9,0.016374401,11.32,543,574.8,1160
705,760.5,0.012266087,10.74,585,1160,1556.75
706,904.1,0.014690548,12.2,613,1556.75,1590
707,1175.1,0.019226325,12.06,624,1590,1337.666667
708,1025.7,0.017202004,12.86,666,1337.666667,970
709,595.3,0.009609306,13.46,675,970,635.5
710,395.1,0.006581995,14.74,699,635.5,454.2
711,350,0.005433246,15.29,716,454.2,518.5
712,316,0.005005566,15.37,714,518.5,1080.666667
713,412.5,0.00584919,16.4,713,1080.666667,3294
714,1433.6,0.025517117,17.97,757,3294,1163.933333
715,1011.6,0.015541305,18.75,763,1163.933333,858.8
716,1703.7,0.026980118,19.28,745,858.8,994.8333333
717,1527,0.024780195,19.66,724,994.8333333,1783.466667
718,1061,0.017872584,20.6,716,1783.466667,894.0666667
719,1170.2,0.01948708,19.77,710,894.0666667,1639
720,2669,0.038824252,20.09,739,1639,373.1
721,2004.6,0.033154831,23.57,697,373.1,911.9333333
722,1083.4,0.019016463,25.86,666,911.9333333,50773
723,1379.5,0.021408011,25.27,648,50773,23282.33333
724,1945.9,0.030158111,24.92,626,23282.33333,30630.2381
725,789,0.013424504,24.68,606,30630.2381,17441.25
726,1368.2,0.020486044,23.67,586,17441.25,18826.04762
727,2070,0.032974283,23.09,535,18826.04762,13188.54762
728,954.5,0.016157137,27.83,482,13188.54762,15843.85714
729,776.1,0.011708296,26.52,469,15843.85714,32201.28571
730,1369.5,0.021257996,25.51,475,32201.28571,25395.9881
731,1514.9,0.024399209,24.32,464,25395.9881,6427.52381
732,1346.2,0.021923601,26.81,453,6427.52381,13791.7
733,1131.7,0.018378422,25.85,436,13791.7,8597.5
734,1690,0.02698145,23.33,434,8597.5,36329.36111
735,1385,0.022488223,25.63,431,36329.36111,12843.58333
736,1219,0.01959209,24.49,430,12843.58333,11602.66667
737,1301.7,0.020621885,23.78,438,11602.66667,18064.5
738,1148.1,0.017791596,26.99,449,18064.5,28826.54167
739,1157.4,0.019032934,26.3,444,28826.54167,40256
740,1457.5,0.024019275,22.52,444,40256,5901.428571
741,1279.5,0.020899975,20.09,444,5901.428571,32283.33334
742,1404.4,0.022580035,19.74,429,32283.33334,9875
743,1410,0.022837952,18.82,405,9875,24254
744,1376.8,0.022429758,18.77,381,24254,11680.71429
745,936.2,0.015222702,16.7,392,11680.71429,7049.166667
746,1053.3,0.017592266,16.31,384,7049.166667,5199.166667
747,1058.3,0.017239065,16.46,393,5199.166667,2699.166667
748,943,0.015496067,15.51,397,2699.166667,815.3333333
749,1135.4,0.018045902,15.66,386,815.3333333,2149.208333
750,1010,0.016593109,14.24,399,2149.208333,21462.61905
751,1220,0.019878779,13.91,413,21462.61905,10761.53333
752,1461.6,0.023829071,13.56,436,10761.53333,1123.333333
753,1433.7,0.023136241,13.25,443,1123.333333,3902
754,1016.1,0.016790956,12.2,437,3902,2087
755,1030,0.017092155,11.83,445,2087,2645.333333
756,1624.1,0.026414002,11.55,449,2645.333333,1020.392857
757,1541.5,0.025291551,11.5,472,1020.392857,1904.833333
758,1482.4,0.024470957,10.7,460,1904.833333,1527.333333
759,1436.1,0.02259161,11.68,470,1527.333333,1125.771429
760,1640,0.027141995,11.02,475,1125.771429,2808.75
761,1822.5,0.030699129,12.07,501,2808.75,1353.666667
762,1730,0.028129056,12.68,497,1353.666667,783.6
763,1840,0.02983833,13.64,524,783.6,1946
764,1836.7,0.029475038,15.29,539,1946,2358.75
765,1826.6,0.028924474,15.66,563,2358.75,2874
766,1870,0.030267814,16.03,601,2874,2717.1
767,1941.9,0.030017209,18.05,609,2717.1,2629.3
768,1873.4,0.030209765,18.07,598,2629.3,1469
769,1834.5,0.028996139,19.9,595,1469,1648.283333
770,1661.8,0.027148925,20.58,604,1648.283333,1119.916667
771,1892.5,0.028856908,21.2,603,1119.916667,1248.666667
772,2044.5,0.032049904,21.63,586,1248.666667,967.6666667
773,2060,0.032907048,23.19,538,967.6666667,415
774,2015.1,0.032894758,23.04,515,415,1279.75
775,1805,0.029449063,22,496,1279.75,677.1666667
776,1704.1,0.027071088,23.08,487,677.1666667,618.5
777,1656.6,0.026742372,23.67,470,618.5,1258.3
778,1781.2,0.029641369,23.82,453,1258.3,1302.583333
779,1419.1,0.022500813,24.43,449,1302.583333,726.15
780,1338.2,0.021228397,24.84,439,726.15,1821.433333
781,1397.3,0.021734598,26.24,450,1821.433333,1819.738095
782,1550.7,0.024385387,25.72,459,1819.738095,2404.607143
783,1427.7,0.022951955,26.26,465,2404.607143,1760.625
784,1445.9,0.022193866,26.93,463,1760.625,4046.261904
785,1212,0.019179046,29.46,476,4046.261904,1483.033333
786,1575.9,0.024674255,24.92,485,1483.033333,1032.933333
787,1668.3,0.026602675,24.36,511,1032.933333,854.5833333
788,1703.9,0.027508442,24.34,487,854.5833333,1424
789,1866.1,0.030145573,23.32,453,1424,590.3333334
790,1753.9,0.028449324,22.85,455,590.3333334,2956.833333
791,1882.2,0.030206643,22.85,451,2956.833333,1770.2
792,1817.6,0.029138726,22.03,453,1770.2,601.3333334
793,1764.8,0.028645283,22.84,457,601.3333334,631.3333334
794,1455.9,0.02330799,20.77,464,631.3333334,662.5
795,1320,0.02138713,20.27,466,662.5,1121.8
796,1410,0.022830242,19.75,474,1121.8,314.1666667
797,1502.7,0.024614662,17.77,475,314.1666667,775
798,1210.4,0.020663904,17.85,468,775,1341.25
799,1118.4,0.018458257,17.1,471,1341.25,912.5
800,1169.8,0.018718058,16.57,466,912.5,761.3333333
801,1212.4,0.020046678,16.46,462,761.3333333,2767.3
802,1298,0.021151222,14.6,449,2767.3,1124.166667
803,1390.6,0.022789694,13.38,440,1124.166667,496.5
804,1184.5,0.019361428,12.76,421,496.5,877.3333333
805,1062.1,0.017453862,12.05,419,877.3333333,522.5
806,1065.6,0.018060185,12.62,423,522.5,267.6666667
807,992.1,0.016154818,12.25,422,267.6666667,413
808,1054.3,0.017603462,11.88,425,413,466.5
809,1060,0.017304624,11.93,423,466.5,1120
810,980,0.016147105,11.77,431,1120,1433.333333
811,991.2,0.016893794,12.62,481,1433.333333,1189
812,980,0.015952913,12.7,509,1189,1663
813,838,0.013595364,13.93,503,1663,1164.666667
814,851.5,0.013960269,13.67,513,1164.666667,1033.5
815,995.6,0.016063629,14.27,536,1033.5,1472.5
816,921.3,0.015013277,14.71,539,1472.5,1825.6
817,1021,0.016095989,16.52,547,1825.6,1262
818,1387.3,0.025068491,16.75,558,1262,593.4
819,1180,0.019047806,15.88,595,593.4,1270.5
820,1319,0.021373989,16.13,604,1270.5,1452.75
821,1027.9,0.017382978,15.87,653,1452.75,469.3333333
822,1150,0.018378313,18.14,667,469.3333333,491.6666667
823,1154.4,0.018321839,19.54,683,491.6666667,685.3333333
824,1201.6,0.018818534,22.25,659,685.3333333,1132.714286
825,1466,0.022552052,25.34,676,1132.714286,654.6666667
826,1372.3,0.021944945,26.42,688,654.6666667,1704.166667
827,1915.6,0.030532716,23.15,655,1704.166667,1640
828,2335.3,0.036579755,22.31,644,1640,1518.75
829,2117.3,0.033617166,23.52,562,1518.75,888.6666667
830,2221,0.035048751,24.49,494,888.6666667,563.6666667
831,2096.3,0.033573851,25.54,472,563.6666667,1070.583333
832,2124.9,0.033935752,25,408,1070.583333,1766.25
833,2233.7,0.034745335,26.24,404,1766.25,1311.25
834,2574.1,0.04351855,27.56,391,1311.25,3646.333333
835,4025.8,0.061705296,24.93,333,3646.333333,1473.25
836,3592.9,0.055833301,25.82,296,1473.25,839
837,5478,0.08204069,25.18,266,839,674.4166667
838,5683.6,0.089632094,26.28,238,674.4166667,631.25
839,4029.9,0.061956945,25.86,250,631.25,1758.833333
840,4436.2,0.070243161,25.44,265,1758.833333,882.9166667
841,4596.3,0.07153182,23.3,277,882.9166667,515.5
842,6360.5,0.093706188,22.02,240,515.5,4388.333333
843,6841.4,0.105997727,22.28,252,4388.333333,375
844,3060.2,0.050212796,22.95,244,375,373.8333333
845,5869,0.089655404,22.12,246,373.8333333,200
846,4943.4,0.077558361,21.55,265,200,116.1666667
847,5050.9,0.078997642,20.22,271,116.1666667,258.5
848,4853.4,0.076719005,19.97,288,258.5,150.1666667
849,4894.3,0.076614035,19.55,292,150.1666667,125
850,4780.9,0.075721323,17.98,274,125,337.5
851,3627.5,0.058038544,16.77,288,337.5,229.1666667
852,4867.1,0.072004336,14.66,292,229.1666667,118.3333333
853,5254.1,0.0799956,14.26,309,118.3333333,613.25
854,5545.8,0.085295278,14.2,293,613.25,187
855,2898,0.047691626,13.13,288,187,166.5
856,3452.8,0.055545897,11.94,319,166.5,511.5
857,2819.9,0.047501047,12.31,313,511.5,388.5
858,2629.9,0.043514256,11.15,345,388.5,629
859,3069.5,0.049219345,10.35,349,629,668
860,3495.9,0.056272322,10.8,335,668,457
861,3918.7,0.063967251,10.76,337,457,127.4
862,2903.7,0.046546283,11.03,332,127.4,187.6666667
863,4101,0.059312996,11.48,343,187.6666667,300
864,5550.9,0.090750937,11.1,329,300,595
865,6276.7,0.093047775,11.54,305,595,658.3333333
866,6071.4,0.093730207,11.97,301,658.3333333,973.3333333
867,7484.8,0.100575025,12.85,259,973.3333333,2466.25
868,12316.4,0.158123138,13.38,219,2466.25,1389
869,14304.7,0.187037015,14.61,230,1389,1344.666667
870,15239.1,0.200352237,14.96,167,1344.666667,12886.5
871,16354.7,0.208338374,16.12,166,12886.5,6061.333333
872,20968.7,0.252755709,18.03,224,6061.333333,6276
873,25839.1,0.291162824,18.89,244,6276,4353.25
874,28339.8,0.305450032,17.58,213,4353.25,6074
875,29304.7,0.31335866,20.03,185,6074,2211
876,26494.5,0.289870342,19.35,182,2211,2133.833333
877,29944.5,0.315406698,20.72,190,2133.833333,3435.833333
878,32965.6,0.328821237,21.01,220,3435.833333,2370.5
879,38241.4,0.353618287,22.97,213,2370.5,1261
880,40501.6,0.363654812,21.88,225,1261,1658.333333
881,44756.2,0.379411307,25.07,246,1658.333333,1009
882,50403.9,0.396951022,23.49,290,1009,2154.333333
883,54109.4,0.403588682,21.73,353,2154.333333,1339.75
884,55025.8,0.40635445,21.89,320,1339.75,2018.083333
885,54100.3,0.406494027,23.68,334,2018.083333,1635.333333
886,53665.6,0.406214725,25.01,341,1635.333333,1692
887,53684.7,0.405263036,25.47,316,1692,2065.5
888,55791.4,0.408393432,25.46,295,2065.5,1425.666667
889,56893.4,0.409445055,27.94,301,1425.666667,4430.666666
890,60162.5,0.40840045,25.88,334,4430.666666,12594.83333
891,64558.6,0.405057951,24.07,352,12594.83333,2783.083333
892,71437.5,0.393103867,24.01,393,2783.083333,4175.25
893,76760.9,0.386550251,24.79,436,4175.25,3545.666667
894,78618.7,0.387572925,23.65,410,3545.666667,1615.5
895,78221.1,0.387203397,23.26,364,1615.5,1892.5
896,78242.2,0.386305481,22.29,342,1892.5,3991.666667
897,76903.9,0.39005019,19.6,323,3991.666667,1684.75
898,75621.1,0.391353311,19.49,307,1684.75,10001.66667
899,74978.9,0.391643408,18.86,298,10001.66667,1356.916667
900,73496.9,0.395831636,18.45,285,1356.916667,3845.833333
901,69507,0.404395055,18.66,304,3845.833333,3964.166667
902,62655.5,0.415166327,18.08,356,3964.166667,2237.5
903,51771.9,0.413539663,16.25,398,2237.5,2820.833333
904,38584.4,0.368062579,14.82,383,2820.833333,3026
905,27393,0.306743813,14.19,370,3026,3395.083333
906,22981.4,0.272214098,13.63,369,3395.083333,3693.75
907,23570.3,0.272555233,13.17,357,3693.75,4235.833333
908,23487.5,0.274667052,11.51,316,4235.833333,2801.583333
909,19978.9,0.251489208,11.42,323,2801.583333,8100.916667
910,20978.9,0.252945905,11.64,366,8100.916667,7378.333333
911,19018.7,0.241333905,11.78,283,7378.333333,10545.08333
912,21023.4,0.248644538,11.1,286,10545.08333,7695
913,28489.8,0.301924685,10.5,321,7695,12037.91667
914,33035.2,0.331435736,10.76,214,12037.91667,7790.333333
915,34998.4,0.341268272,12.15,197,7790.333333,7161.75
916,35460.9,0.3452518,12.84,178,7161.75,9989.5
917,31470.3,0.330296275,12.96,302,9989.5,10839.91667
918,35850,0.338124966,13.51,154,10839.91667,7953.583333
919,39937.5,0.362388186,14.42,176,7953.583333,6159
920,39952.3,0.365838367,15.33,190,6159,7432.5
921,28397.7,0.31312417,14.59,226,7432.5,16975.66667
922,28082.8,0.304822994,15.91,180,16975.66667,10638.66667
923,32532,0.32953568,16.58,185,10638.66667,8682.5
924,32714.8,0.331084235,16.33,178,8682.5,6937.25
925,14703.9,0.211965714,17.58,252,6937.25,7764
926,14628.9,0.194594846,19.22,264,7764,3653
927,11817.2,0.163146796,20.7,263,3653,2669.333334
928,12519.5,0.171393507,20.88,258,2669.333334,4009.75
929,11645.3,0.164274074,23.33,284,4009.75,57764.66667
930,9283.2,0.133250478,23.42,304,57764.66667,2801.033334
931,6973.7,0.104912013,23.63,358,2801.033334,14393.33333
932,7919.5,0.116628811,23.24,352,14393.33333,2569
933,9337,0.129579828,22.87,353,2569,2047.266667
934,13604.7,0.182705791,23.57,348,2047.266667,39326.2
935,17822.7,0.220658341,24.13,274,39326.2,1854.366667
936,16339.8,0.211358596,24.59,299,1854.366667,1537.714286
937,20607.8,0.244755641,26.78,310,1537.714286,2042
938,18814.8,0.234797439,24.25,289,2042,3295.833333
939,14476.3,0.196491652,24.3,365,3295.833333,2292.2
940,13410.8,0.18147474,26.43,437,2292.2,1348.333333
941,13523,0.175584099,25.31,383,1348.333333,2348.666667
942,13962.5,0.186582407,22.85,317,2348.666667,1977
943,20160.7,0.231632539,22.45,315,1977,2913
944,20213.6,0.254075093,24.03,316,2913,2230.666667
945,19402.5,0.237319185,24.99,301,2230.666667,1298.5
946,20959.9,0.261301572,22.45,326,1298.5,1512
947,17789,0.222956352,23.07,329,1512,4354.25
948,24435.4,0.270649063,23.3,314,4354.25,2003.333333
949,33371.9,0.323659287,20.87,251,2003.333333,1328.9
950,37575.6,0.355982027,21.88,265,1328.9,1681.5
951,45197.7,0.378171748,20.16,280,1681.5,3672
952,49003.9,0.393397667,19.15,272,3672,2739.333333
953,50767.2,0.398642907,18.6,252,2739.333333,1922
954,53100,0.405501767,16.9,268,1922,2607.333333
955,53414.1,0.406610789,15.71,268,2607.333333,8309.533333
956,54100,0.406822132,14.84,261,8309.533333,34472
957,53355.5,0.406645719,13.94,269,34472,5517.333333
958,50533.6,0.403528752,13.26,305,5517.333333,5554.416667
959,42971.1,0.379032311,12.43,315,5554.416667,6345.333334
960,32581.2,0.34058857,11.11,327,6345.333334,5941
961,19684,0.250248715,11.36,434,5941,8343
962,17337.8,0.222582984,11.47,415,8343,10403.66667
963,21436.6,0.254618927,10.79,381,10403.66667,11527.33333
964,21251.6,0.25418068,10.48,322,11527.33333,9655.4
965,27360.2,0.294338225,10.63,276,9655.4,9833
966,33102.5,0.330296851,11.23,245,9833,10147.5
967,35130,0.340784401,11.1,241,10147.5,9510.5
968,36132.8,0.346205111,11.56,234,9510.5,21188.16667
969,36575,0.350650555,11.72,222,21188.16667,8758.333333
970,38002.3,0.3563743,11.93,202,8758.333333,8536.833333
971,38500,0.357888883,12.55,202,8536.833333,6146.333333
972,38982.8,0.360844765,13.48,204,6146.333333,6251.666667
973,40600,0.366196539,14.45,209,6251.666667,11533.28571
974,41000,0.368152446,15.52,224,11533.28571,5713
975,41206.2,0.367347707,16.25,223,5713,5130.25
976,42100,0.371676574,16.29,202,5130.25,6692.5
977,42717.2,0.374057487,18.09,191,6692.5,6271
978,43714.1,0.379039116,17.58,184,6271,9208
979,34066,0.355979973,19.56,282,9208,5473.75
980,20797.4,0.253176084,20.18,418,5473.75,3569
981,17574.6,0.226341019,21.35,261,3569,685.1666667
982,16101.9,0.211387903,21.81,245,685.1666667,308.25
983,12887.4,0.178332895,22.18,251,308.25,855.6666667
984,11024.5,0.154869916,24.11,286,855.6666667,1657.333334
985,14053.5,0.18960765,24.36,310,1657.333334,975
986,14967.2,0.197827926,23.67,305,975,1700
987,15460.9,0.202042081,24.78,323,1700,1028.916667
988,12791.1,0.177870335,24.86,344,1028.916667,2092.166667
989,9363,0.143493405,25.1,373,2092.166667,7459.833333
990,5618.5,0.08529783,26.54,391,7459.833333,1071.416667
991,7426.5,0.109408607,24.07,399,1071.416667,2140.666667
992,6763.4,0.101990528,25.17,434,2140.666667,916
993,7015.4,0.103687628,23.81,436,916,2842
994,6768.9,0.101565521,23.29,398,2842,1379.416667
995,5410,0.086707551,24.41,404,1379.416667,1424.416667
996,4577.9,0.073478282,26.44,427,1424.416667,3481.666667
997,6216.5,0.092629437,25.92,427,3481.666667,4303.666667
998,5156.3,0.085351172,24.96,450,4303.666667,3755.333334
999,4966.8,0.077122725,26.47,456,3755.333334,6864.5
1000,6816.6,0.099030759,22.86,467,6864.5,7975.5
1001,6791.7,0.105247984,22.07,456,7975.5,2487.416667
1002,7133.9,0.105909486,20.88,463,2487.416667,1825.666667
1003,6016.2,0.091184759,20.87,437,1825.666667,1166.583333
1004,5912.5,0.090316432,20.38,428,1166.583333,930
1005,5880.9,0.090323084,18.13,423,930,657
1006,6345.2,0.096329667,18.34,426,657,686.3333333
1007,3091.1,0.05576384,17.35,451,686.3333333,2125
1008,4540.4,0.072052338,16.8,463,2125,2375.25
1009,4323.8,0.068657098,15.78,503,2375.25,1777.666667
1010,4666,0.073395082,14.86,507,1777.666667,675
1011,3964,0.066626619,14.58,492,675,711.125
1012,2682.8,0.043481263,13.93,503,711.125,2906.5
1013,3145.6,0.052134916,13.29,522,2906.5,783
1014,3940,0.060558463,12.35,532,783,625
1015,3114,0.053032608,12.29,532,625,868.25
1016,2506.3,0.040365816,11.38,567,868.25,703.75
1017,2552.2,0.04125262,12.33,597,703.75,675
1018,3605.3,0.057490869,11.61,610,675,362.5
1019,6735.6,0.101368282,12.21,650,362.5,539.5833333
1020,6314.7,0.096946152,12.71,579,539.5833333,1114.666667
1021,7900.3,0.109705765,13.25,567,1114.666667,828.3333334
1022,13201.3,0.177559488,12.1,464,828.3333334,591.6666667
1023,14506.7,0.188513421,13.14,375,591.6666667,1292.607143
1024,16323,0.219902615,15.96,366,1292.607143,3430.15
1025,13568.2,0.182787717,17.39,369,3430.15,1513
1026,16015.7,0.202235456,17.34,310,1513,2025
1027,22045.3,0.258846465,17.91,230,2025,4950
1028,23042.6,0.271563019,17.82,190,4950,7806.25
1029,23495.1,0.273659895,18.3,188,7806.25,8703.333333
1030,22319.9,0.268788643,18.77,184,8703.333333,4454.166667
1031,15384.2,0.219131596,19.93,216,4454.166667,5013
1032,11444.6,0.1519536,19.2,237,5013,2133.333333
1033,9092.6,0.140631884,20.9,263,2133.333333,858
1034,11232.8,0.161141612,20.37,228,858,1017
1035,9830.7,0.144709129,22.11,209,1017,1498.666667
1036,9494.5,0.136909546,21.83,208,1498.666667,984.75
1037,8900.2,0.132121999,22.53,246,984.75,1763.166667
1038,10431.2,0.147510866,21.81,226,1763.166667,2393.333333
1039,7557.5,0.115164552,23.58,237,2393.333333,663.3333333
1040,9033.1,0.117629173,24,260,663.3333333,2691
1041,9450.3,0.139565619,24.71,254,2691,2200
1042,6124.7,0.093236466,23.06,264,2200,1476.666667
1043,3127.2,0.055172515,26.8,257,1476.666667,9155
1044,3079.5,0.049179231,25.75,277,9155,736.8
1045,3646.6,0.056609235,25.89,288,736.8,22073.66667
1046,4484.1,0.067210062,26.22,323,22073.66667,1869.75
1047,4947,0.077632397,27.22,363,1869.75,1034.833333
1048,4616.6,0.069456653,25.41,379,1034.833333,1758.666667
1049,3217.3,0.054284079,24.05,369,1758.666667,1687.833333
1050,4748.3,0.071233964,23.85,412,1687.833333,949.1666666
1051,5800.6,0.085975351,24.01,371,949.1666666,937.1666667
1052,5780.8,0.08949107,22.92,415,937.1666667,1343
1053,3971.9,0.064168415,20.73,465,1343,879.3333333
1054,5989.2,0.088977425,22.78,393,879.3333333,1013.25
1055,3343.2,0.054176171,20.46,407,1013.25,945
1056,7866.8,0.111805574,19.52,339,945,1600
1057,5758.3,0.09190282,19.22,327,1600,637.8333333
1058,4976.9,0.075353602,18.53,327,637.8333333,550.6666667
1059,2905.5,0.047098227,16.38,343,550.6666667,475
1060,3229.7,0.051698708,16.34,358,475,565.1666667
1061,2879.8,0.046289938,16.83,382,565.1666667,808.1666667
1062,2932.4,0.047247629,17.3,351,808.1666667,869.75
1063,2579.8,0.040969312,16.4,354,869.75,769.75
1064,2584.2,0.041967333,14.92,394,769.75,943.9166667
1065,2556.9,0.041239849,14.16,450,943.9166667,1020.266667
1066,3270.9,0.053460956,12.99,463,1020.266667,684.3333334
1067,3244.4,0.052423373,12.76,461,684.3333334,1130
1068,3050.3,0.048391727,12.15,471,1130,1116.2
1069,5038.2,0.074188541,11.4,455,1116.2,3914.9
1070,5528.6,0.086030855,11.39,445,3914.9,2278.833333
1071,13329,0.171085858,11.97,453,2278.833333,1047.166667
1072,14133,0.189304227,11.37,367,1047.166667,3618.4
1073,16368.1,0.215547293,11.83,281,3618.4,2639.15
1074,16816.3,0.215811219,11.92,260,2639.15,4955
1075,11304,0.160795937,13.39,262,4955,7691
1076,6517.1,0.104388909,14.85,244,7691,1939.5
1077,4936.9,0.078045837,15.69,232,1939.5,4287.5
1078,4651.8,0.068317997,16.31,248,4287.5,1860
1079,4234.3,0.067147906,17.8,238,1860,1700
1080,5953.9,0.091747135,18.27,245,1700,2416.666667
1081,4342.8,0.06816064,19.24,253,2416.666667,1361.666667
1082,3979.6,0.066915582,19.66,280,1361.666667,2477
1083,6702,0.101922249,21.23,296,2477,3138
1084,5618.7,0.087937967,22.02,321,3138,1888.5
1085,8940.5,0.121656088,21.69,307,1888.5,854.1666667
1086,8096.4,0.121005324,22.31,310,854.1666667,4855.25
1087,9795.3,0.137836857,23.68,316,4855.25,2072.333333
1088,8741,0.125201682,24.72,320,2072.333333,1550
1089,6883.5,0.107036506,25.28,325,1550,1564
1090,6554.1,0.099627793,24.99,300,1564,1763
1091,5004.1,0.079268613,24.73,289,1763,1314
1092,5701.5,0.081679849,24.48,275,1314,1263
1093,4566.3,0.07175965,24.33,260,1263,1726.666667
1094,4204.9,0.065293537,24.89,266,1726.666667,1954.666667
1095,6728.2,0.094373694,25.27,271,1954.666667,2054.833333
1096,5260.7,0.082278768,25.19,267,2054.833333,11136.66667
1097,6661.7,0.101085838,24.45,280,11136.66667,22204.33333
1098,5379.1,0.08698631,23.34,295,22204.33333,32888.25
1099,5896,0.089227872,25.08,269,32888.25,59991.19047
1100,5929.4,0.090309561,25.54,255,59991.19047,91409.42857
1101,6299.7,0.092777964,25.83,251,91409.42857,33959.16667
1102,6305.1,0.095644866,24.93,248,33959.16667,20741.83333
1103,7264,0.10864733,23.63,261,20741.83333,8220
1104,6754,0.104697845,22.81,257,8220,14285.66667
1105,3616.4,0.057698806,21.97,273,14285.66667,16240.6
1106,4618.5,0.07049306,21.26,263,16240.6,82268.28571
1107,4147.6,0.066781025,19.36,271,82268.28571,16930
1108,5142.6,0.079224788,19.41,278,16930,27933.83333
1109,6550.4,0.099303843,17.71,291,27933.83333,82103.33333
1110,5439,0.087327751,16.76,283,82103.33333,5113.166667
1111,3925.8,0.062944059,16.71,282,5113.166667,12012.83333
1112,3054.9,0.051613561,15.96,283,12012.83333,1430.7
1113,4114.8,0.063478899,15.06,301,1430.7,2394.761905
1114,3907.9,0.062700417,14.46,297,2394.761905,3669.266666
1115,3583.1,0.057161571,14.19,290,3669.266666,10651.46667
1116,2911,0.047237862,14.04,300,10651.46667,4578.666667
1117,3481.9,0.054441289,13.44,315,4578.666667,3755.666667
1118,3186.3,0.052356197,12.85,328,3755.666667,4176.333333
1119,3288.5,0.052791394,12.67,347,4176.333333,1829.3
1120,7347.3,0.109352234,12.52,332,1829.3,2322.666667
1121,9263.8,0.133784949,12.02,321,2322.666667,2448
1122,7679,0.119053009,10.99,320,2448,4197
1123,5071.2,0.081808343,11.45,312,4197,2588.666667
1124,7115.3,0.10442078,12.09,299,2588.666667,3969
1125,6932.6,0.105161841,12.29,335,3969,4052.333333
1126,6924.4,0.104592444,13.1,317,4052.333333,6552.333333
1127,5256.5,0.083089567,13.46,320,6552.333333,8008.333333
1128,4928.4,0.076720683,13.3,313,8008.333333,3196
1129,6248.2,0.100597666,14.24,299,3196,4188
1130,5520.9,0.085248586,16.43,286,4188,2816
1131,7862,0.113590324,16.51,302,2816,4003.5
1132,7907.8,0.117025472,17.01,257,4003.5,1780.666667
1133,7582.7,0.112035101,19.44,231,1780.666667,966.7
1134,8891,0.128387167,19.71,207,966.7,468.3333333
1135,7737.5,0.11553806,21.31,203,468.3333333,1486
1136,8572.7,0.121532952,20.99,208,1486,2625.333333
1137,7584.2,0.111037464,22.47,226,2625.333333,6308
1138,7005.9,0.113189418,23.29,288,6308,3258.5
1139,4077.5,0.063504111,22.97,302,3258.5,1952.666667
1140,3830,0.063539073,23.41,347,1952.666667,1552.666667
1141,3024.9,0.048841488,22.45,344,1552.666667,1104.5
1142,3307.7,0.051581587,24.68,340,1104.5,2402
1143,3327.6,0.051133978,24.75,279,2402,3319.166667
1144,3049.4,0.050039151,25.48,263,3319.166667,8940.5
1145,3295,0.051586438,24.85,260,8940.5,570.5
1146,3358.4,0.052114207,26.02,251,570.5,2163.5
1147,3267.7,0.05232517,27.1,248,2163.5,7157.166667
1148,4116.9,0.061730615,25.36,248,7157.166667,12893
1149,4917.2,0.074981983,25.47,243,12893,4128.25
1150,6076.5,0.088515442,24.8,240,4128.25,26878.66667
1151,5225.9,0.083198326,25.27,237,26878.66667,23748.66667
1152,7016,0.106719953,24.95,234,23748.66667,21071
1153,6907.1,0.103731591,25.32,218,21071,13841.83333
1154,6941.3,0.105000171,25.31,201,13841.83333,5990.766667
1155,4556.1,0.072846555,26.89,194,5990.766667,5421.466667
1156,4290.7,0.067230699,26.29,192,5421.466667,5371.466667
1157,4342.7,0.068265622,23.92,187,5371.466667,5316.366667
1158,4833.3,0.074855406,21.57,190,5316.366667,13043
1159,5352.5,0.082729399,20.83,203,13043,11077.33333
1160,5153.9,0.082183065,20.02,204,11077.33333,9159
1161,3586.5,0.057315219,19.66,220,9159,1504.533334
1162,3377.7,0.055014708,18.81,229,1504.533334,980.5833333
1163,1879.9,0.030564664,18.1,242,980.5833333,6248.733333
1164,2351.1,0.038862546,17.14,258,6248.733333,6951.333333
1165,2283.8,0.03658147,16.81,260,6951.333333,32327.75
1166,2118.6,0.034210456,16.15,285,32327.75,24809.08333
1167,2951.4,0.046976911,14.89,283,24809.08333,5854.666667
1168,2738.9,0.04465567,14.3,308,5854.666667,30102.33333
1169,2577.3,0.042075982,13.33,331,30102.33333,8220.333333
1170,2671.7,0.043034613,13.19,346,8220.333333,7321.6
1171,2539.5,0.041105208,12.13,367,7321.6,54112.91667
1172,2342.1,0.039172727,11.75,372,54112.91667,15539.33333
1173,6278.3,0.092757367,11.56,383,15539.33333,8087.333333
1174,9228.8,0.135691727,11.77,280,8087.333333,2214.516667
1175,13535.1,0.180416804,11.98,220,2214.516667,6383.35
1176,20807.4,0.246447027,12.13,181,6383.35,15222
1177,25238.8,0.284150815,12.43,190,15222,23411
1178,25988.6,0.290582833,12.68,202,23411,12541.83333
1179,27483.2,0.30227402,13.65,205,12541.83333,19554.33333
1180,25206.9,0.286575215,13.77,207,19554.33333,13554.33333
1181,26951.2,0.297731426,14.87,181,13554.33333,10250
1182,33439.1,0.331195977,15.73,153,10250,2618.333334
1183,33644.5,0.335980748,15.17,177,2618.333334,3851.666666
1184,34120.5,0.338062762,15.29,188,3851.666666,9315
1185,34596.5,0.340424777,15.13,263,9315,12434.66667
1186,35072.5,0.342655885,17.04,209,12434.66667,7850
1187,36474.2,0.346074042,17.08,200,7850,6762.5
1188,43987.5,0.373572955,17.72,209,6762.5,2793.333333
1189,42515.6,0.375410335,19.22,204,2793.333333,1693.333333
1190,42671.1,0.373525045,20.49,197,1693.333333,2000
1191,47177.3,0.385838423,19.84,211,2000,1908.333334
1192,49714.1,0.394367145,23.01,237,1908.333334,2807
1193,54015.6,0.404732757,22.86,314,2807,575
1194,60782,0.405274168,23.22,362,575,1298.5
1195,70835.9,0.392824545,24.06,352,1298.5,558.1666667
1196,79846.1,0.380711184,23.4,309,558.1666667,1106.333333
1197,79525,0.38750374,25.97,288,1106.333333,2465.5
1198,34404.3,0.439791782,25.88,727,2465.5,4793.5
1199,17473.4,0.220301476,27.2,544,4793.5,3085.766667
1200,14845.5,0.199344661,27.1,378,3085.766667,2094.2
1201,11359,0.163347898,27.17,390,2094.2,2886.5
1202,7029.7,0.114233042,27.29,412,2886.5,6832
1203,7673.6,0.109040332,25.04,468,6832,4436.666667
1204,6854.6,0.104025378,25.66,402,4436.666667,2008
1205,5693.7,0.087264237,23.95,456,2008,4174.333333
1206,5333.1,0.081738655,24.73,499,4174.333333,3778.333333
1207,4440.3,0.070395028,25.34,509,3778.333333,2445.571429
1208,5845.2,0.0865551,24.27,530,2445.571429,5348
1209,7337.5,0.109825975,25.2,518,5348,3097
1210,7486.7,0.111125934,24.6,499,3097,2380.333333
1211,5939.5,0.094416779,21.13,463,2380.333333,3607.6
1212,4534.1,0.070378882,19.44,452,3607.6,6503
1213,4137,0.065399448,19.64,423,6503,4814.5
1214,4308.5,0.068408692,19.99,434,4814.5,2351
1215,4550,0.070102823,18.33,441,2351,5875.966667
1216,5285,0.07431521,16.47,474,5875.966667,3709.5
1217,10644.7,0.140243674,15.28,533,3709.5,2335.166667
1218,6195.7,0.106838646,15.54,516,2335.166667,2803.333333
1219,5981.6,0.091331478,14.89,483,2803.333333,1882
1220,3669.1,0.058676756,13.28,453,1882,1012.166667
1221,3457.1,0.055624607,12.78,469,1012.166667,2975.916667
1222,5968.5,0.079951948,12.92,430,2975.916667,3285.75
1223,6194.9,0.094912621,12.58,412,3285.75,5429.833333
1224,5031.2,0.082747725,12.22,429,5429.833333,1908.416667
1225,5727,0.08485987,11.91,450,1908.416667,3826.583333
1226,9688.1,0.138603859,11.92,442,3826.583333,4084.4
1227,10228.5,0.151159832,11.87,410,4084.4,2598.5
1228,7891.8,0.121551806,12.11,376,2598.5,21800
1229,5020.7,0.076619788,11.7,379,21800,1060
1230,4237.8,0.068167053,13.1,369,1060,215
1231,4154.4,0.065262116,12.82,375,215,10451.91667
1232,5383.2,0.08158154,12.96,367,10451.91667,606.8333333
1233,6531.3,0.099092066,13.37,390,606.8333333,1014.928571
1234,5517.5,0.087763064,14.79,409,1014.928571,317.875
1235,4371.4,0.0677671,15.15,395,317.875,283.4
1236,3731.7,0.062555267,17.16,364,283.4,872
1237,2769.3,0.041786085,18.5,397,872,1940.857143
1238,8056.5,0.116565107,19.42,396,1940.857143,1730.857143
1239,10078.4,0.144902274,20.92,390,1730.857143,1685.25
1240,3562.7,0.064641072,20.81,419,1685.25,1759.75
1241,3563.2,0.055412499,21.34,437,1759.75,412.125
1242,5770.2,0.081567527,19.76,349,412.125,2451.833333
1243,7169.1,0.107044417,22.69,341,2451.833333,1966.666667
1244,8982.5,0.130462857,23.29,344,1966.666667,893
1245,8358,0.1210752,24.65,325,893,399
1246,13309.2,0.172973977,22.45,309,399,504.952381
1247,15356.8,0.201394244,23.58,270,504.952381,3773.875
1248,10612.4,0.154457205,25.54,239,3773.875,603.1666667
